Nama,Lokasi,Kontak,Parkir,Kategori,URL Tenant
5TH AVENUE,UG-61,02180633774,3 near LOBBY LIFT B,Fashion & Accesories,https://lippomallpuri.com/tenantDetail?tenant=d254332652
A FUNG,1F-FOOD AV,,3 near LOBBY LIFT B,Food & Beverages,https://lippomallpuri.com/tenantDetail?tenant=212c2f776c
A&W,2F-59,,3 near Lift C,Food & Beverages,https://lippomallpuri.com/tenantDetail?tenant=15a66aa757
ABURA SOBA,1F-11,,2 / P3 near LOBBY LIFT C,Food & Beverages,https://lippomallpuri.com/tenantDetail?tenant=522ec73328
ADELLE JEWELLERY,G-80,02129111168,BASEMENT near LOBBY LIFT B,Jewellery,https://lippomallpuri.com/tenantDetail?tenant=86b602b20b
ALDO,UG-21,02122528825,3 near LOBBY LIFT B,Fashion & Accesories,https://lippomallpuri.com/tenantDetail?tenant=aadd8d6823
Amazone,2F-23,,3 near Playtopia,Children Related,https://lippomallpuri.com/tenantDetail?tenant=b6bbb4664b
Anaku Educare,B-13,,B near Lobby Lift C,Children Related,https://lippomallpuri.com/tenantDetail?tenant=6203f0f36f
ANEKA CITRA SNACK,LG-K07B,,BASEMENT near LOBBY SAMSAT,Food & Beverages,https://lippomallpuri.com/tenantDetail?tenant=fcf2444ce2
ARENA,2F-38,02129111172,3 near LOBBY LIFT B,"Electronics, Gadgets, HP",https://lippomallpuri.com/tenantDetail?tenant=bb203eb20e
ASUS,1F-63,Visit Tenant Official Website,3 near LOBBY LIFT A,"Electronics, Gadgets, HP",https://lippomallpuri.com/tenantDetail?tenant=0ed9a6d8ee
AUNTIE ANNE'S,LG-K10,02180633750,BASEMENT near LOBBY SAMSAT,Food & Beverages,https://lippomallpuri.com/tenantDetail?tenant=2d57125f2f
AUNTIE ANNE'S,1F-K-03A,,3 near Lobby Lift B,Food & Beverages,https://lippomallpuri.com/tenantDetail?tenant=6660017711
AVOCADO LOVERS,LG-FOOD HA,,BASEMENT near LOBBY ROCKSTAR GYM,Food & Beverages,https://lippomallpuri.com/tenantDetail?tenant=2c66600502
BABY BAR,LG-K10B,,BASEMENT near LOBBY SAMSAT,Food & Beverages,https://lippomallpuri.com/tenantDetail?tenant=a806206a80
BABY SHOP,UG-57,Visit Tenant Official Website,3 near LOBBY LIFT B,Children Related,https://lippomallpuri.com/tenantDetail?tenant=0b60ee6a66
BAKMI GM,1F-FOOD AV,,3 near LOBBY LIFT B,Food & Beverages,https://lippomallpuri.com/tenantDetail?tenant=ca9666689c
BAKMI GOCIT,LG-FOOD HA,Visit Tenant Official Website,BASEMENT near LOBBY ROCKSTAR GYM,Food & Beverages,https://lippomallpuri.com/tenantDetail?tenant=6cf2bc4646
BALE LOMBOK,1F-51,Visit Tenant Official Website,2 / P3 near LOBBY LIFT C,Food & Beverages,https://lippomallpuri.com/tenantDetail?tenant=62c0208b2c
BAN BAN DESSERT,LG-IA11,Visit Tenant Official Website,BASEMENT near LOBBY ROCKSTAR GYM,Food & Beverages,https://lippomallpuri.com/tenantDetail?tenant=0becc2765b
BARIUMA RAMEN,1F-98,02122582752,2 / P3 near LOBBY LIFT C,Food & Beverages,https://lippomallpuri.com/tenantDetail?tenant=26e9e2bab6
Baskin Robbins,LG-K-08 TA,,B near LOBBY LIFT A,Food & Beverages,https://lippomallpuri.com/tenantDetail?tenant=226263d428
BATH&BODY WORKS,UG-78,02122582714,3 near LOBBY LIFT B,Health & Beauty Care,https://lippomallpuri.com/tenantDetail?tenant=588d882005
BATHAHOLIC,1F-52OS,Visit Tenant Official Website,3 near LOBBY LIFT B,Health & Beauty Care,https://lippomallpuri.com/tenantDetail?tenant=b6a20d2d25
BATIK KERIS,1F-23,02129111286,3 near LOBBY LIFT B,Fashion & Accesories,https://lippomallpuri.com/tenantDetail?tenant=d26ded424d
BERSHKA,G-89,02122582872,BASEMENT near LOBBY LIFT C,Fashion & Accesories,https://lippomallpuri.com/tenantDetail?tenant=4aaa54a654
BIEKOOBEE,UG-K09A,Visit Tenant Official Website,3 near LOBBY LIFT B,Jewellery,https://lippomallpuri.com/tenantDetail?tenant=b00ea722eb
BIGGBY COFFEE,G-82,,LG near Lobby Lift B,Food & Beverages,https://lippomallpuri.com/tenantDetail?tenant=99e6236269
Bijin Nabe,1F-99 & 10,,3 near Lift C,Food & Beverages,https://lippomallpuri.com/tenantDetail?tenant=b1100b1620
BIRKENSTOCK,UG-27,02122582844,3 near LOBBY LIFT B,Fashion & Accesories,https://lippomallpuri.com/tenantDetail?tenant=eb5762b05b
BLIBLI,1F-88,,3 near Lobby Lift B,"Electronics, Gadgets, HP",https://lippomallpuri.com/tenantDetail?tenant=2ca9999c96
BOLDE,LG-100,Visit Tenant Official Website,BASEMENT near LOBBY SAMSAT,Home Related,https://lippomallpuri.com/tenantDetail?tenant=027b7ee671
BONVIVO LAUNDRY,LG-76B,02129111109,LG near LOBBY LADIES PARKING,Services,https://lippomallpuri.com/tenantDetail?tenant=0694480090
BOOST JUICE BAR,LG-IA11,Visit Tenant Official Website,BASEMENT near LOBBY ROCKSTAR GYM,Food & Beverages,https://lippomallpuri.com/tenantDetail?tenant=20e40e6620
BORNGA,2F-53,02129111356,3 near LOBBY LIFT B,Food & Beverages,https://lippomallpuri.com/tenantDetail?tenant=2cc5c9299c
BREXIT,B-10,,BASEMENT near LOBBY TEKO,Services,https://lippomallpuri.com/tenantDetail?tenant=1f7ef61fff
BRIDGES,1F-20,Visit Tenant Official Website,3 near LOBBY LIFT B,Watches & Optics,https://lippomallpuri.com/tenantDetail?tenant=2210601ed0
BURGER KING,1F-83,02130493067,3 near LOBBY LIFT B,Food & Beverages,https://lippomallpuri.com/tenantDetail?tenant=06a6eede60
By Aura,UG-58,,3 near LOBBY LIFT B,Entertainment,https://lippomallpuri.com/tenantDetail?tenant=606df94777
C&F PERFUMERY,G-67,02129111034,BASEMENT near LOBBY LIFT B,Health & Beauty Care,https://lippomallpuri.com/tenantDetail?tenant=e20aea1ed1
CARAMELLO,LG-22B,Visit Tenant Official Website,LG near LOBBY PAXI / FOOD GARDEN,Health & Beauty Care,https://lippomallpuri.com/tenantDetail?tenant=24dea4a240
CASIO,UG-82,02180633782,3 near LOBBY LIFT C,Watches & Optics,https://lippomallpuri.com/tenantDetail?tenant=ee10d606cc
CELL SCIENCE,2F-09,02180633765,3 near LOBBY LIFT B,Health & Beauty Care,https://lippomallpuri.com/tenantDetail?tenant=2db7ebddbc
CENTURY HEALTHCARE,LG-69,02129111076,BASEMENT near LOBBY SAMSAT,Health & Beauty Care,https://lippomallpuri.com/tenantDetail?tenant=2260ded0bb
CETAK PHOTO,B-09,,BASEMENT near LOBBY TEKO,Services,https://lippomallpuri.com/tenantDetail?tenant=22a226f60e
CHARLES & KEITH,G-71,02122582819,BASEMENT near LOBBY LIFT B,Fashion & Accesories,https://lippomallpuri.com/tenantDetail?tenant=5e2050dc5e
Charles Jourdan,UG-K-05,,3 near Lift C,Watches & Optics,https://lippomallpuri.com/tenantDetail?tenant=ecc37c06ec
CHATIME & GINDACO,LG-79,Visit Tenant Official Website,LG near LOBBY TAKESHITA,Food & Beverages,https://lippomallpuri.com/tenantDetail?tenant=8c62686fc5
CHOCOCHIPS,1F-28,02130493091,3 near LOBBY LIFT B,Fashion & Accesories,https://lippomallpuri.com/tenantDetail?tenant=250aae6a22
CIMB NIAGA DIGITAL LOUNGE,G-12,Visit Tenant Official Website,BASEMENT near LOBBY LIFT C,Services,https://lippomallpuri.com/tenantDetail?tenant=66e66f6233
Cindy,1F-21,,3 near Lobby Lift B,"Books Gifts, Hobbies",https://lippomallpuri.com/tenantDetail?tenant=b43a39e4b3
CINEMA XXI,1F-08,02129111370,2 / P3 near LOBBY LIFT C,Entertainment,https://lippomallpuri.com/tenantDetail?tenant=d2f2e6dde6
Cinnabon,G-109,081258788852,3 near Lobby Lift B,Food & Beverages,https://lippomallpuri.com/tenantDetail?tenant=b6d6fd3663
CK EDUCATION,B-07 & 08,,B near Lobby Lift C,Children Related,https://lippomallpuri.com/tenantDetail?tenant=2cac4c2022
CLARKS,UG-22,Visit Tenant Official Website,3 near LOBBY LIFT B,Fashion & Accesories,https://lippomallpuri.com/tenantDetail?tenant=2e296067ee
COCO TIME,LG-K05B,,LG near LOBBY LADIES PARKING,Food & Beverages,https://lippomallpuri.com/tenantDetail?tenant=f226869969
COCONUT ISLAND,1F-91,02122582896,2 / P3 near LOBBY LIFT C,Fashion & Accesories,https://lippomallpuri.com/tenantDetail?tenant=c676e6eea0
COLD STONE CREAMERY,LG-K12,02122582894,BASEMENT near LOBBY ROCKSTAR GYM,Food & Beverages,https://lippomallpuri.com/tenantDetail?tenant=869c96f12c
Colorbox,1F-79,,3 near Lobby Lift B,Fashion & Accesories,https://lippomallpuri.com/tenantDetail?tenant=f93935c5f3
CONVERSE,UG-62,02122582795,3 near LOBBY LIFT B,Sport & Lifestyle,https://lippomallpuri.com/tenantDetail?tenant=e9bb96298e
COTTON ON,UG-31,02122582853,3 near LOBBY LIFT A,Fashion & Accesories,https://lippomallpuri.com/tenantDetail?tenant=717a211727
DAIRY QUEEN,LG-K11,02122582751,BASEMENT near LOBBY ROCKSTAR GYM,Food & Beverages,https://lippomallpuri.com/tenantDetail?tenant=2ee8dbfa2f
DAPUR SOLO,1F-101,Visit Tenant Official Website,2 / P3 near LOBBY LIFT C,Food & Beverages,https://lippomallpuri.com/tenantDetail?tenant=b01140321b
DAYTRANS,G-26AO,,BASEMENT near LOBBY LIFT B,Tour & Travel,https://lippomallpuri.com/tenantDetail?tenant=6e24424eee
DCREPES,LG-IA11,,BASEMENT near LOBBY ROCKSTAR GYM,Food & Beverages,https://lippomallpuri.com/tenantDetail?tenant=66f63cc65b
Dhype,1F-50,,3 near Lobby Lift B,Fashion & Accesories,https://lippomallpuri.com/tenantDetail?tenant=ccc36983cc
DJOURNAL COFFEE,G-01A,Visit Tenant Official Website,BASEMENT near LOBBY LIFT C,Food & Beverages,https://lippomallpuri.com/tenantDetail?tenant=f28cd69c94
DONBURI ICHIYA,LG-80,02129111006,BASEMENT near LOBBY LIFT B,Food & Beverages,https://lippomallpuri.com/tenantDetail?tenant=9414630401
DORAYAKI ADDICT!,LG-K02,02129111239,LG near LOBBY LADIES PARKING,Food & Beverages,https://lippomallpuri.com/tenantDetail?tenant=681a806a01
DPARIS,UG-K09E,Visit Tenant Official Website,3 near LOBBY LIFT B,Jewellery,https://lippomallpuri.com/tenantDetail?tenant=07660c07b7
DRAGON HOT POT,1F-53,02180600246,3 near LOBBY LIFT A,Food & Beverages,https://lippomallpuri.com/tenantDetail?tenant=2dd21bbd62
DRESS UP & PERLA,LG-22J,,LG near LOBBY PAXI / FOOD GARDEN,Services,https://lippomallpuri.com/tenantDetail?tenant=8033165535
Dyson,G-AT-01Ag,,3 near Lift C,Health & Beauty Care,https://lippomallpuri.com/tenantDetail?tenant=c57a7acac5
Early Learning Centre,UG-K-01A,,3 near Lobby Lift B,Children Related,https://lippomallpuri.com/tenantDetail?tenant=0e0e664406
EDOKKO,2F-72,Visit Tenant Official Website,3 near LOBBY LIFT C,Children Related,https://lippomallpuri.com/tenantDetail?tenant=e226d6e260
ELECTRONIC CITY,LG-101,02129111291,LG near LOBBY TAXI / FOOD GARDEN,"Electronics, Gadgets, HP",https://lippomallpuri.com/tenantDetail?tenant=b800b20e81
Element Family Fun,LG-152,,B near B,Children Related,https://lippomallpuri.com/tenantDetail?tenant=3368364338
ERAFONE,1F-71,02129111137,3 near LOBBY LIFT B,"Electronics, Gadgets, HP",https://lippomallpuri.com/tenantDetail?tenant=2bb595ebee
ERAPLUS,1F-85,Visit Tenant Official Website,2 / P3 near LOBBY LIFT C,Services,https://lippomallpuri.com/tenantDetail?tenant=07dedfd36d
ERHA APOTHECARY,LG-67,02129111039,BASEMENT near LOBBY SAMSAT,Health & Beauty Care,https://lippomallpuri.com/tenantDetail?tenant=de1006000c
ERIC KAYSER,G-93,02122582723,BASEMENT near LOBBY LIFT C,Food & Beverages,https://lippomallpuri.com/tenantDetail?tenant=5ddd6dd50a
Etcetera,UG-72,,3 near Lobby Lift B,Fashion & Accesories,https://lippomallpuri.com/tenantDetail?tenant=bbef888f8b
Everbest,G-00,,B near Lobby Lift B,Fashion & Accesories,https://lippomallpuri.com/tenantDetail?tenant=5eea3ea53a
EWAN PAO,LG-K08A,Visit Tenant Official Website,BASEMENT near LOBBY SAMSAT,Food & Beverages,https://lippomallpuri.com/tenantDetail?tenant=2236ede020
Fami Cafe,1F-IA,,Basement near Lift C,Food & Beverages,https://lippomallpuri.com/tenantDetail?tenant=84688fd848
FAMOUS AMOS,LG-K09C,Visit Tenant Official Website,BASEMENT near LOBBY SAMSAT,Food & Beverages,https://lippomallpuri.com/tenantDetail?tenant=d507ff6f6d
FAVOR PARTY SUPPLIES,LG-121,08113402783,LG near LOBBY TAKESHITA,"Books Gifts, Hobbies",https://lippomallpuri.com/tenantDetail?tenant=969e2222ee
FIRST LOVE,1F-K-03,Visit Tenant Official Website,BASEMENT near LOBBY ROCKSTAR GYM,Food & Beverages,https://lippomallpuri.com/tenantDetail?tenant=9d006d09dd
FITNESS FIRST,2F-62,02129111300,3 near LOBBY LIFT C,Sport & Lifestyle,https://lippomallpuri.com/tenantDetail?tenant=27660ee660
Flying Tiger,G-31,,3 near Lift B,"Books Gifts, Hobbies",https://lippomallpuri.com/tenantDetail?tenant=4652228c24
Fogo Brazilian Bbq,G-10-B,,3 near Lift C,Food & Beverages,https://lippomallpuri.com/tenantDetail?tenant=d01011d5c1
FONEL,1F-81,Visit Tenant Official Website,3 near LOBBY LIFT B,"Electronics, Gadgets, HP",https://lippomallpuri.com/tenantDetail?tenant=b3e73e83b8
FOOD AVENUE,1F-68,02129111070,3 near LOBBY LIFT B,Food & Beverages,https://lippomallpuri.com/tenantDetail?tenant=fac2c822f8
Foot Locker,G-22-25,,Basement near Lobby Lift C,Sport & Lifestyle,https://lippomallpuri.com/tenantDetail?tenant=866e86995e
FRANCIS ARTISAN BAKERY,LG-35,02122582762,BASEMENT near LOBBY ROCKSTAR GYM,Food & Beverages,https://lippomallpuri.com/tenantDetail?tenant=6299099d73
FRANK & CO.,UG-35,02129111001,3 near LOBBY LIFT A,Jewellery,https://lippomallpuri.com/tenantDetail?tenant=e1cecee26c
Fun World,2F-K15,,3 near Lobby Lift C,Children Related,https://lippomallpuri.com/tenantDetail?tenant=6730370f76
GADO GADO GANG KANCIL,1F-FOOD AV,,3 near LOBBY LIFT B,Food & Beverages,https://lippomallpuri.com/tenantDetail?tenant=5c5d5885d5
Gamchi,LG-K-20TA,,Basement near Lobby LIFT A,Food & Beverages,https://lippomallpuri.com/tenantDetail?tenant=f60f898f83
GENKI SUSHI,LG-FOOD HA,Visit Tenant Official Website,BASEMENT near LOBBY ROCKSTAR GYM,Food & Beverages,https://lippomallpuri.com/tenantDetail?tenant=a70d006d62
Gigi Dental Clinic,LG-02,,3 near Lift C,Health & Beauty Care,https://lippomallpuri.com/tenantDetail?tenant=46506a3cc0
Gion Sushi,1F-L1 - 55,,3 near LIFT A,Food & Beverages,https://lippomallpuri.com/tenantDetail?tenant=6546451a81
GIORDANO,UG-69,02129111091,3 near LOBBY LIFT B,Fashion & Accesories,https://lippomallpuri.com/tenantDetail?tenant=e4a6ae7a4a
Glam On,LG-66,,B near B,"Electronics, Gadgets, HP",https://lippomallpuri.com/tenantDetail?tenant=63345d4593
Glamify,LG-87,,3 near Lift B,Entertainment,https://lippomallpuri.com/tenantDetail?tenant=df242427d8
GLOBAL ART,B-15A,,B near Lobby Lift A,Children Related,https://lippomallpuri.com/tenantDetail?tenant=d63d65cd7c
GNC LIVE WELL,LG-81A,02129111345,BASEMENT near LOBBY LIFT B,Health & Beauty Care,https://lippomallpuri.com/tenantDetail?tenant=2bce6dde35
GO WORK,G-102,Visit Tenant Official Website,BASEMENT near LOBBY LIFT C,Services,https://lippomallpuri.com/tenantDetail?tenant=efe6e5029e
GOKANA RAMEN & TEPPAN,2F-61,Visit Tenant Official Website,3 near LOBBY LIFT C,Food & Beverages,https://lippomallpuri.com/tenantDetail?tenant=739cc8d6fc
GOLDEN LAMIAN,1F-FOOD AV,Visit Tenant Official Website,3 near LOBBY LIFT B,Food & Beverages,https://lippomallpuri.com/tenantDetail?tenant=0f00861628
GOLDEN RAMA,2F-11,02129521978,3 near LOBBY LIFT B,Tour & Travel,https://lippomallpuri.com/tenantDetail?tenant=ee288e0eee
GRAMEDIA,LG-93,02130493058,BASEMENT near LOBBY SAMSAT,"Books Gifts, Hobbies",https://lippomallpuri.com/tenantDetail?tenant=0020e50021
GREBE,1F-66B,Visit Tenant Official Website,3 near LOBBY LIFT A,Others,https://lippomallpuri.com/tenantDetail?tenant=e7e6a6ea9e
GS SHOP,1F-70,02129111145,3 near LOBBY LIFT B,"Books Gifts, Hobbies",https://lippomallpuri.com/tenantDetail?tenant=2d60a8dd80
GUARDIAN,LG-97,02122582741,BASEMENT near LOBBY SAMSAT,Health & Beauty Care,https://lippomallpuri.com/tenantDetail?tenant=cec6d60eca
GUESS ACCESORIES,UG-19,02129111201,3 near LOBBY LIFT B,Fashion & Accesories,https://lippomallpuri.com/tenantDetail?tenant=302a006e00
GYU-KAKU,LG-17,02129111359,LG near LOBBY PAXI / FOOD GARDEN,Food & Beverages,https://lippomallpuri.com/tenantDetail?tenant=060226206e
H&M,UG-51,02129111260,3 near LOBBY LIFT A,Fashion & Accesories,https://lippomallpuri.com/tenantDetail?tenant=b500b06beb
H&M KIDS,LG-38,Visit Tenant Official Website,BASEMENT near LOBBY ROCKSTAR GYM,Children Related,https://lippomallpuri.com/tenantDetail?tenant=ed2d1e6d23
HAPPYLEMON,LG-K02A,Visit Tenant Official Website,BASEMENT near LOBBY LIFT B,Food & Beverages,https://lippomallpuri.com/tenantDetail?tenant=6e7600eb66
HAVAIANAS,UG-K09D,Visit Tenant Official Website,3 near LOBBY LIFT B,Fashion & Accesories,https://lippomallpuri.com/tenantDetail?tenant=ee161c62e6
Heavenly Wang,LG-163,,Basement near LOBBY LIFT A,Food & Beverages,https://lippomallpuri.com/tenantDetail?tenant=ef33ee990f
HOKBEN,LG-82,Visit Tenant Official Website,BASEMENT near LOBBY LIFT B,Food & Beverages,https://lippomallpuri.com/tenantDetail?tenant=e776907960
HOKKAIDO,LG-K08B,,BASEMENT near LOBBY SAMSAT,Food & Beverages,https://lippomallpuri.com/tenantDetail?tenant=2071eee276
HOLIKA HOLIKA,LG-88,Visit Tenant Official Website,BASEMENT near LOBBY SAMSAT,Health & Beauty Care,https://lippomallpuri.com/tenantDetail?tenant=6d6d030cdd
HONG KONG SHENG KEE KITCHEN,LG-18,Visit Tenant Official Website,LG near LOBBY PAXI / FOOD GARDEN,Food & Beverages,https://lippomallpuri.com/tenantDetail?tenant=6f020e8e56
HUAWEI,1F-82,Visit Tenant Official Website,3 near LOBBY LIFT B,"Electronics, Gadgets, HP",https://lippomallpuri.com/tenantDetail?tenant=2eeeceee16
HYUNDAI,G-38,Visit Tenant Official Website,BASEMENT near LOBBY LIFT A,Others,https://lippomallpuri.com/tenantDetail?tenant=ffe602feee
IBOX,UG-06-08,02129111285,2 / P3 near LOBBY LIFT C,"Electronics, Gadgets, HP",https://lippomallpuri.com/tenantDetail?tenant=022f3e1e0f
IDECOR,2F-36,Visit Tenant Official Website,3 near LOBBY LIFT B,Home Related,https://lippomallpuri.com/tenantDetail?tenant=2e6ce46ce0
IEYE,UG-39,02129111093,3 near LOBBY LIFT A,Watches & Optics,https://lippomallpuri.com/tenantDetail?tenant=55d7a7a75d
IMPERIAL KITCHEN & DIMSUM,LG-06,Visit Tenant Official Website,LG near LOBBY PAXI / FOOD GARDEN,Food & Beverages,https://lippomallpuri.com/tenantDetail?tenant=01b126b81a
INNISFREE,G-21,Visit Tenant Official Website,BASEMENT near LOBBY LIFT C,Health & Beauty Care,https://lippomallpuri.com/tenantDetail?tenant=aed2ede066
IPPUDO,LG-157,,LG near LOBBY TAKESHITA,Food & Beverages,https://lippomallpuri.com/tenantDetail?tenant=43ee1103ee
IRWANTEAM,LG-102,02129111270,LG near LOBBY PAXI / FOOD GARDEN,Health & Beauty Care,https://lippomallpuri.com/tenantDetail?tenant=0620d2dedd
IUIGA,UG-70,Visit Tenant Official Website,3 near LOBBY LIFT B,Fashion & Accesories,https://lippomallpuri.com/tenantDetail?tenant=c2ffc2afff
IXOBOX,B-11,Visit Tenant Official Website,BASEMENT near LOBBY TEKO,Health & Beauty Care,https://lippomallpuri.com/tenantDetail?tenant=28e6e6678d
JACK & JOHN,LG-73B,Visit Tenant Official Website,LG near LOBBY LADIES PARKING,Food & Beverages,https://lippomallpuri.com/tenantDetail?tenant=0c956c9ee6
JD SPORTS,G-37,Visit Tenant Official Website,BASEMENT near LOBBY LIFT B,Sport & Lifestyle,https://lippomallpuri.com/tenantDetail?tenant=8eb8eebe08
JIN MU,1F-103,Visit Tenant Official Website,2 / P3 near LOBBY LIFT C,Food & Beverages,https://lippomallpuri.com/tenantDetail?tenant=98e188e9e6
JOOMBA,G-70,Visit Tenant Official Website,3 near Lift B,Food & Beverages,https://lippomallpuri.com/tenantDetail?tenant=16125151aa
JUSTICE,UG-23,,3 near LOBBY LIFT B,Children Related,https://lippomallpuri.com/tenantDetail?tenant=3d3dd337ed
KAFE BETAWI,LG-20,02130493026,LG near LOBBY PAXI / FOOD GARDEN,Food & Beverages,https://lippomallpuri.com/tenantDetail?tenant=6da939d2ed
KAIZEN,2F-15,081219730037,3 near LOBBY LIFT B,Health & Beauty Care,https://lippomallpuri.com/tenantDetail?tenant=8b5de8e88b
KALCARE,LG-91,02129111329,BASEMENT near LOBBY SAMSAT,Health & Beauty Care,https://lippomallpuri.com/tenantDetail?tenant=95dbd4d05d
Kappa Sushi,1F-01A,,3 near Lobby Lift C,Food & Beverages,https://lippomallpuri.com/tenantDetail?tenant=8688668566
Kawara Yakiniku,LG-153,,3 near LIFT A,Food & Beverages,https://lippomallpuri.com/tenantDetail?tenant=e1e26556e2
KAY COLLECTION,LG-56,02122582824,BASEMENT near LOBBY SAMSAT,Health & Beauty Care,https://lippomallpuri.com/tenantDetail?tenant=606edd2ee0
KEDS,G-87,Visit Tenant Official Website,BASEMENT near LOBBY LIFT C,Sport & Lifestyle,https://lippomallpuri.com/tenantDetail?tenant=edb91ed1e2
KEMAYU,UG-K08B,Visit Tenant Official Website,3 near LOBBY LIFT B,Health & Beauty Care,https://lippomallpuri.com/tenantDetail?tenant=1fe221020d
KFC,1F-FOOD AV,Visit Tenant Official Website,3 near LOBBY LIFT B,Food & Beverages,https://lippomallpuri.com/tenantDetail?tenant=6e2abba60b
KIDDY CUTS,LG-55,02122582827,BASEMENT near LOBBY SAMSAT,Children Related,https://lippomallpuri.com/tenantDetail?tenant=0d3c3ee063
KIDZ STATION,1F-75,02122582765,BASEMENT near LOBBY SAMSAT,Children Related,https://lippomallpuri.com/tenantDetail?tenant=976eb99999
KIDZOOONA,LG-36,02122582747,BASEMENT near LOBBY ROCKSTAR GYM,Children Related,https://lippomallpuri.com/tenantDetail?tenant=0e3600dee3
KIMS K FOOD,LG-71,Visit Tenant Official Website,LG near LOBBY LADIES PARKING,Food & Beverages,https://lippomallpuri.com/tenantDetail?tenant=661a6e0eee
KIMUKATSU,LG-156,02180679316,LG near LOBBY TAKESHITA,Food & Beverages,https://lippomallpuri.com/tenantDetail?tenant=a6661060e0
Kina Art,2F-76B,,3 near Lobby Lift B,"Books Gifts, Hobbies",https://lippomallpuri.com/tenantDetail?tenant=9666354616
Kintan Buffet,G-112 & 1,,3 near Lobby Lift B,Food & Beverages,https://lippomallpuri.com/tenantDetail?tenant=ccf37939f7
KITCHEN ART,2F-07,,3 near LOBBY LIFT B,Home Related,https://lippomallpuri.com/tenantDetail?tenant=23c23cc322
KITCHENETTE,G-07,Visit Tenant Official Website,BASEMENT near LOBBY LIFT C,Food & Beverages,https://lippomallpuri.com/tenantDetail?tenant=220227e93b
KKULDAK,LG-FOOD HA,,BASEMENT near LOBBY ROCKSTAR GYM,Food & Beverages,https://lippomallpuri.com/tenantDetail?tenant=066126b161
KKV,LG-85,Visit Tenant Official Website,BASEMENT near LOBBY SAMSAT,Home Related,https://lippomallpuri.com/tenantDetail?tenant=de6e4460e0
Klik n Klik,1F-77,,3 near Lobby Lift B,"Electronics, Gadgets, HP",https://lippomallpuri.com/tenantDetail?tenant=66c6ff0fb6
KOI CAFE,1F-92,02122582716,2 / P3 near LOBBY LIFT C,Food & Beverages,https://lippomallpuri.com/tenantDetail?tenant=99901b9d9e
KOI THE,G-66,,BASEMENT near LOBBY LIFT B,Food & Beverages,https://lippomallpuri.com/tenantDetail?tenant=11ce2beb15
KOPI KENANGAN,LG-115,Visit Tenant Official Website,LG near LOBBY LADIES PARKING,Food & Beverages,https://lippomallpuri.com/tenantDetail?tenant=e3cc21e621
Kopi Kenangan 2,G-115A,,Basement near Lobby Lift B,Food & Beverages,https://lippomallpuri.com/tenantDetail?tenant=34d6356d34
KRISPY KREME,LG-K06,02129111204,LG near LOBBY LADIES PARKING,Food & Beverages,https://lippomallpuri.com/tenantDetail?tenant=0e02ce60e6
Kwetiaw Sapi Jangkung,LG-138,,B near LOBBY LIFT A,Food & Beverages,https://lippomallpuri.com/tenantDetail?tenant=0404cc44c0
L'OCCITANE,LG-95,02129402098,BASEMENT near LOBBY SAMSAT,Health & Beauty Care,https://lippomallpuri.com/tenantDetail?tenant=9ee0966ee2
LA DIANA,LG-05,02129111381,LG near LOBBY PAXI / FOOD GARDEN,Health & Beauty Care,https://lippomallpuri.com/tenantDetail?tenant=6e0e5065dd
LACE LYNELLE,1F-K07,,3 near LOBBY LIFT B,Fashion & Accesories,https://lippomallpuri.com/tenantDetail?tenant=2b062fb666
LACOSTE,G-03,02122582822,BASEMENT near LOBBY LIFT C,Fashion & Accesories,https://lippomallpuri.com/tenantDetail?tenant=d0b142eb24
Lapis Lapis,LG-K-01A,,3 near Lift B,Food & Beverages,https://lippomallpuri.com/tenantDetail?tenant=f0edee40ed
LASHTIGE EYELASH & NAIL,LG-FOOD HA,Visit Tenant Official Website,BASEMENT near LOBBY ROCKSTAR GYM,Health & Beauty Care,https://lippomallpuri.com/tenantDetail?tenant=2ed96fd9e3
LEGATO GELATO,LG-K-05-C,,LG near Lobby Lift B,Food & Beverages,https://lippomallpuri.com/tenantDetail?tenant=c62cd6c6c7
Leonards Pastry,LG-K-23TA,,B near Lobby Lift B,Food & Beverages,https://lippomallpuri.com/tenantDetail?tenant=6565a366aa
LIANG SANDWICH,LG-K09B,Visit Tenant Official Website,BASEMENT near LOBBY SAMSAT,Food & Beverages,https://lippomallpuri.com/tenantDetail?tenant=61de0e02ee
LIGHT HOUSE,2F-10B,Visit Tenant Official Website,3 near LOBBY LIFT B,Health & Beauty Care,https://lippomallpuri.com/tenantDetail?tenant=e06f66fdd0
LINO & SONS,G-29,Visit Tenant Official Website,BASEMENT near LOBBY LIFT B,Jewellery,https://lippomallpuri.com/tenantDetail?tenant=6baba10e62
Liven,1F-K09A,,3 near Lobby Lift B,Fashion & Accesories,https://lippomallpuri.com/tenantDetail?tenant=bff8fb5b2f
LLAO LLAO,LG-K-07,,LG near Lobby Lift B,Food & Beverages,https://lippomallpuri.com/tenantDetail?tenant=78c2332c6a
LOCK & LOCK,LG-90,Visit Tenant Official Website,BASEMENT near LOBBY SAMSAT,Home Related,https://lippomallpuri.com/tenantDetail?tenant=a23773c368
LOOKLAB,LG-92,,LG near Lobby Lift B,Health & Beauty Care,https://lippomallpuri.com/tenantDetail?tenant=266d536963
Love Bonito,"G-79,80,8",,3 near Lobby Lift B,Fashion & Accesories,https://lippomallpuri.com/tenantDetail?tenant=3335f3ff65
LUMI FACIAL CARE,LG-224,,B near Lobby Lift C,Health & Beauty Care,https://lippomallpuri.com/tenantDetail?tenant=b3f332336b
M7 TACTICAL,2F-75,Visit Tenant Official Website,3 near LOBBY LIFT C,Entertainment,https://lippomallpuri.com/tenantDetail?tenant=6dbbf262b2
Madcoco,LG-77,,B near Lobby Lift B,Food & Beverages,https://lippomallpuri.com/tenantDetail?tenant=69afff3ff3
Mama Roz,2F-K01,,3 near Lobby Lift C,Food & Beverages,https://lippomallpuri.com/tenantDetail?tenant=8a8cf3f343
MANDIRI,UG-R10,02129111101,3 near LOBBY LIFT C,Services,https://lippomallpuri.com/tenantDetail?tenant=2440a0242f
Manekineko,LG-B-02,,Basement near Lift C,Entertainment,https://lippomallpuri.com/tenantDetail?tenant=e555de6d58
MANZONE CONCEPT,1F-33,02122582729,3 near LOBBY LIFT B,Fashion & Accesories,https://lippomallpuri.com/tenantDetail?tenant=e72ee777c9
MARKS & SPENCER,UG-3,02122582857,3 near LOBBY LIFT C,Fashion & Accesories,https://lippomallpuri.com/tenantDetail?tenant=adecc08cd0
MARUGAME UDON,LG-112,Visit Tenant Official Website,LG near LOBBY LADIES PARKING,Food & Beverages,https://lippomallpuri.com/tenantDetail?tenant=6a6a666aae
MATAHARI,1F-56,02129111043,3 near LOBBY LIFT A,Dept. Store,https://lippomallpuri.com/tenantDetail?tenant=e62446c56c
MAX FASHIONS,UG-53,Visit Tenant Official Website,3 near LOBBY LIFT B,Fashion & Accesories,https://lippomallpuri.com/tenantDetail?tenant=d68ea1063d
MAXX COFFEE,G-77,02129111275,BASEMENT near LOBBY LIFT B,Food & Beverages,https://lippomallpuri.com/tenantDetail?tenant=57eb25c3ce
MAXX COFFEE,G-95,02129111275,BASEMENT near LOBBY LIFT B,Food & Beverages,https://lippomallpuri.com/tenantDetail?tenant=772ccb60d2
MAY MAY SALON,2F-22,02122582817,3 near LOBBY LIFT B,Health & Beauty Care,https://lippomallpuri.com/tenantDetail?tenant=2e99062e25
MEISO,LG-28,Visit Tenant Official Website,LG near LOBBY PAXI / FOOD GARDEN,Services,https://lippomallpuri.com/tenantDetail?tenant=c4c363724e
MELISSA SHOES,UG-68,Visit Tenant Official Website,3 near LOBBY LIFT B,Fashion & Accesories,https://lippomallpuri.com/tenantDetail?tenant=d4eb2dd6ea
MI STORE,1F-87,,3 near LOBBY LIFT B,"Electronics, Gadgets, HP",https://lippomallpuri.com/tenantDetail?tenant=beee60622e
Michie,1F-61-62,081280061885,3 near Lift A,Fashion & Accesories,https://lippomallpuri.com/tenantDetail?tenant=ff4846f64a
Mie Tarik Medan,LG-135L,,3 near LIFT A,Food & Beverages,https://lippomallpuri.com/tenantDetail?tenant=ba403ada36
Milky Way,G-62,,B near Lobby Lift B,Food & Beverages,https://lippomallpuri.com/tenantDetail?tenant=f766f930ff
MINISO,UG-26,Visit Tenant Official Website,3 near LOBBY LIFT B,"Books Gifts, Hobbies",https://lippomallpuri.com/tenantDetail?tenant=19ee129c1c
Moja Photobooth,2F-K-11,,3 near Lobby Lift C,Children Related,https://lippomallpuri.com/tenantDetail?tenant=29b22669b3
MOMOIRO,LG-0607,02130493219,BASEMENT near LOBBY ROCKSTAR GYM,Food & Beverages,https://lippomallpuri.com/tenantDetail?tenant=0e06e13833
MOMOKINO,LG-FOOD HA,,BASEMENT near LOBBY ROCKSTAR GYM,Food & Beverages,https://lippomallpuri.com/tenantDetail?tenant=0e0e2303e2
Montato,LG-11K,,Basement near LOBBY LIFT A,Food & Beverages,https://lippomallpuri.com/tenantDetail?tenant=7e6764ffe6
MOSCATO,UG-30,Visit Tenant Official Website,3 near LOBBY LIFT B,Fashion & Accesories,https://lippomallpuri.com/tenantDetail?tenant=dd9269ed9d
MOTHERCARE & ELC,UG-75,,3 near LOBBY LIFT B,Children Related,https://lippomallpuri.com/tenantDetail?tenant=74254285ed
MR DIY,2F-33,Visit Tenant Official Website,3 near LOBBY LIFT B,Home Related,https://lippomallpuri.com/tenantDetail?tenant=e0e5e2ee5c
MR. DAKGALBI,LG-70,Visit Tenant Official Website,LG near LOBBY LADIES PARKING,Food & Beverages,https://lippomallpuri.com/tenantDetail?tenant=70755ee969
MUTIARA,1F-02A,Visit Tenant Official Website,2 / P3 near LOBBY LIFT C,Food & Beverages,https://lippomallpuri.com/tenantDetail?tenant=a0a0aaa26e
MUTIARA SAKTI,LG-22E,081297898982,LG near LOBBY PAXI / FOOD GARDEN,Health & Beauty Care,https://lippomallpuri.com/tenantDetail?tenant=10e3e627e1
My Feet,LG-80,,B near Lobby Lift B,Health & Beauty Care,https://lippomallpuri.com/tenantDetail?tenant=7360d63da8
Myeongdong Toppoki,LG-20A,,B near Lobby Lift C,Food & Beverages,https://lippomallpuri.com/tenantDetail?tenant=96103030ed
NAMHEONG,G-106,,LG near Lobby Lift A,Food & Beverages,https://lippomallpuri.com/tenantDetail?tenant=3693b66692
Nannys Pavillon,1F-09A,,3 near Lobby Lift C,Food & Beverages,https://lippomallpuri.com/tenantDetail?tenant=63660414e7
NATURAL FARM,LG-52,Visit Tenant Official Website,BASEMENT near LOBBY SAMSAT,Health & Beauty Care,https://lippomallpuri.com/tenantDetail?tenant=5aa55ae6a5
NATURE REPUBLIC,LG-89,Visit Tenant Official Website,BASEMENT near LOBBY SAMSAT,Health & Beauty Care,https://lippomallpuri.com/tenantDetail?tenant=7761e1cce6
Naughty,1F-39,,3 near Lobby Lift B,"Books Gifts, Hobbies",https://lippomallpuri.com/tenantDetail?tenant=e036040626
Nespresso,1F-AT-A-5B,,3 near Lift C,Food & Beverages,https://lippomallpuri.com/tenantDetail?tenant=222c7c1517
NEW BALANCE,UG-29,02122582796,3 near LOBBY LIFT B,Sport & Lifestyle,https://lippomallpuri.com/tenantDetail?tenant=66a64fbfa6
NEW ERA,UG-15,Visit Tenant Official Website,3 near LOBBY LIFT B,Sport & Lifestyle,https://lippomallpuri.com/tenantDetail?tenant=00b433ee64
NIKE,G-87,02122582841,BASEMENT near LOBBY LIFT C,Sport & Lifestyle,https://lippomallpuri.com/tenantDetail?tenant=30e963b26b
NINE WORLDS,UG-K09F,Visit Tenant Official Website,3 near LOBBY LIFT B,Fashion & Accesories,https://lippomallpuri.com/tenantDetail?tenant=e0ee0e6220
NOBU NATIONAL BANK,G-96,Visit Tenant Official Website,BASEMENT near LOBBY LIFT C,Services,https://lippomallpuri.com/tenantDetail?tenant=2afa02e2fa
Nozawa Bakery,LG-K - 19,,B near LOBBY LIFT A,Food & Beverages,https://lippomallpuri.com/tenantDetail?tenant=2266229424
Obaja Tour,LG-21 A,,B near Lobby Lift C,Tour & Travel,https://lippomallpuri.com/tenantDetail?tenant=00ab9a6cbc
OBERMAIN,1F-27,02122582743,3 near LOBBY LIFT B,Fashion & Accesories,https://lippomallpuri.com/tenantDetail?tenant=eefefeee0f
Ocean 8,G-107,,B near Lobby Lift B,Food & Beverages,https://lippomallpuri.com/tenantDetail?tenant=3301703707
Ohana Dental Care,2F-L2-79A,,3 near Lobby Lift C,Health & Beauty Care,https://lippomallpuri.com/tenantDetail?tenant=f907867010
ONNIE STUDIO,LG-22C,Visit Tenant Official Website,LG near LOBBY PAXI / FOOD GARDEN,Health & Beauty Care,https://lippomallpuri.com/tenantDetail?tenant=e6dd1f1161
OOPPA,1F-37,Visit Tenant Official Website,3 near LOBBY LIFT B,Watches & Optics,https://lippomallpuri.com/tenantDetail?tenant=e2d229992d
Oppo,1F-25,,3 near Lobby Lift C,"Electronics, Gadgets, HP",https://lippomallpuri.com/tenantDetail?tenant=73fff97772
OPTIK MELAWAI,UG-14,02122582715,3 near LOBBY LIFT B,Watches & Optics,https://lippomallpuri.com/tenantDetail?tenant=e660e60266
OPTIK SEIS SIGNATURE,UG-83,02122582477,3 near LOBBY LIFT C,Watches & Optics,https://lippomallpuri.com/tenantDetail?tenant=d00b286d68
Oshusan,LG-K 0 5A,,Basement near Lobby Lift B,Food & Beverages,https://lippomallpuri.com/tenantDetail?tenant=366d4d6513
OSIM,LG-99,Visit Tenant Official Website,BASEMENT near LOBBY SAMSAT,Home Related,https://lippomallpuri.com/tenantDetail?tenant=6e62e75676
OUR DAILY DOSE,UG-12,02130493079,3 near LOBBY LIFT B,Sport & Lifestyle,https://lippomallpuri.com/tenantDetail?tenant=b6b6c00e0e
OWN DAYS,UG-18,,3 near LOBBY LIFT B,Watches & Optics,https://lippomallpuri.com/tenantDetail?tenant=d246606600
PANAMA,1F-K06,Visit Tenant Official Website,3 near LOBBY LIFT B,Fashion & Accesories,https://lippomallpuri.com/tenantDetail?tenant=c2e262a2cc
PANCIOUS,LG-115,Visit Tenant Official Website,LG near LOBBY LADIES PARKING,Food & Beverages,https://lippomallpuri.com/tenantDetail?tenant=bc62cff07c
PANORAMA JTB,LG-120,02180633799,LG near LOBBY TAKESHITA,Tour & Travel,https://lippomallpuri.com/tenantDetail?tenant=efef6de660
PappaJack,LG-9,,B near Lobby Lift B,Food & Beverages,https://lippomallpuri.com/tenantDetail?tenant=36263a3c23
PARANG KENCANA,UG-75,02129111319,BASEMENT near LOBBY LIFT B,Fashion & Accesories,https://lippomallpuri.com/tenantDetail?tenant=eeaf00ed40
PAXI BARBERSHOP,LG-22I,02122582730,LG near LOBBY PAXI / FOOD GARDEN,Health & Beauty Care,https://lippomallpuri.com/tenantDetail?tenant=a2cdacac04
PAYLESS SHOESOURCE,1F-78,02130493015,3 near LOBBY LIFT B,Fashion & Accesories,https://lippomallpuri.com/tenantDetail?tenant=6ed0fee2ef
PEPPER LUNCH,LG-116,Visit Tenant Official Website,LG near LOBBY LADIES PARKING,Food & Beverages,https://lippomallpuri.com/tenantDetail?tenant=11e10082cc
PHO STREET,1F-10,02180679327,2 / P3 near LOBBY LIFT C,Food & Beverages,https://lippomallpuri.com/tenantDetail?tenant=c601ec12c6
PIGEON,LG-57,02122582746,BASEMENT near LOBBY SAMSAT,Children Related,https://lippomallpuri.com/tenantDetail?tenant=60b6be6d4c
PIKA PIKU,2F-K-12B,,3 near Lobby Lift C,Food & Beverages,https://lippomallpuri.com/tenantDetail?tenant=ed6e2e22de
PIZZA MARZANO,LG-FOOD HA,Visit Tenant Official Website,BASEMENT near LOBBY ROCKSTAR GYM,Food & Beverages,https://lippomallpuri.com/tenantDetail?tenant=010c11100c
PIZZA PEZZO,LG-K01B,Visit Tenant Official Website,LG near LOBBY LADIES PARKING,Food & Beverages,https://lippomallpuri.com/tenantDetail?tenant=ddc31e2df2
Play & Win,2F-K16,,3 near Lobby Lift C,Children Related,https://lippomallpuri.com/tenantDetail?tenant=6ff868ff38
Playtopia,2F-23,,3 near Amazone,Children Related,https://lippomallpuri.com/tenantDetail?tenant=4464464a6a
PLAYWORKS,1F-73,Visit Tenant Official Website,3 near LOBBY LIFT B,"Electronics, Gadgets, HP",https://lippomallpuri.com/tenantDetail?tenant=4ccc40ae42
Poken Rice,LG-139,,3 near Lift A,Food & Beverages,https://lippomallpuri.com/tenantDetail?tenant=e6e4e39492
Poppang,LG-K-22Ta,,B near Lobby Lift A,Food & Beverages,https://lippomallpuri.com/tenantDetail?tenant=2a31a636f3
POUFFIE,LG-96A,Visit Tenant Official Website,BASEMENT near LOBBY SAMSAT,Home Related,https://lippomallpuri.com/tenantDetail?tenant=0696e09200
PROVENCE,LG-158,,LG near LOBBY TAKESHITA,Food & Beverages,https://lippomallpuri.com/tenantDetail?tenant=014d6d0f11
PULL&BEAR,G-16,02122582868,BASEMENT near LOBBY LIFT C,Fashion & Accesories,https://lippomallpuri.com/tenantDetail?tenant=662f2afaaf
PUTRI KENANGA,1F-FOOD AV,Visit Tenant Official Website,3 near LOBBY LIFT B,Food & Beverages,https://lippomallpuri.com/tenantDetail?tenant=e12f1e699f
PUYO,1F-51OS,,3 near LOBBY LIFT B,Food & Beverages,https://lippomallpuri.com/tenantDetail?tenant=121e669e0e
R&B TEA,1F-K02,Visit Tenant Official Website,2 / P3 near LOBBY LIFT C,Food & Beverages,https://lippomallpuri.com/tenantDetail?tenant=33033a11d0
RAA CHA SUKI & BBQ,2F-60,02139832178,3 near LOBBY LIFT C,Food & Beverages,https://lippomallpuri.com/tenantDetail?tenant=535b6e3b11
RAMEN YA,LG-08,Visit Tenant Official Website,LG near LOBBY PAXI / FOOD GARDEN,Food & Beverages,https://lippomallpuri.com/tenantDetail?tenant=37221776e1
RANCH MARKET,G-117,Visit Tenant Official Website,BASEMENT near LOBBY LIFT A,Supermarket,https://lippomallpuri.com/tenantDetail?tenant=6c9e2c2992
RED WHITE WINE,LG-FOOD HA,,BASEMENT near LOBBY ROCKSTAR GYM,Food & Beverages,https://lippomallpuri.com/tenantDetail?tenant=13ae311711
REDDOG,2F-66C,Visit Tenant Official Website,3 near LOBBY LIFT C,Food & Beverages,https://lippomallpuri.com/tenantDetail?tenant=611dc636e6
REJUVE,LG-K11B,Visit Tenant Official Website,BASEMENT near LOBBY SAMSAT,Food & Beverages,https://lippomallpuri.com/tenantDetail?tenant=6c640c0c2e
REMPAH BISTRO,LG-109,Visit Tenant Official Website,LG near LOBBY LADIES PARKING,Food & Beverages,https://lippomallpuri.com/tenantDetail?tenant=4161214e31
ROCKSTAR ACADEMY,LG-01,Visit Tenant Official Website,BASEMENT near LOBBY ROCKSTAR GYM,Children Related,https://lippomallpuri.com/tenantDetail?tenant=e64ed4eed9
ROONA,LG-61,Visit Tenant Official Website,BASEMENT near LOBBY SAMSAT,Health & Beauty Care,https://lippomallpuri.com/tenantDetail?tenant=eef0eeee22
Roti Boy,LG-K-22TA,,B near Lobby Lift B,Food & Beverages,https://lippomallpuri.com/tenantDetail?tenant=d62d6dd0c6
RUBI,UG-20,02122582897,3 near LOBBY LIFT B,Fashion & Accesories,https://lippomallpuri.com/tenantDetail?tenant=e56a30b206
SAIGON DELIGHT,G-72,Visit Tenant Official Website,BASEMENT near LOBBY LIFT B,Food & Beverages,https://lippomallpuri.com/tenantDetail?tenant=542757111e
Sakumini,1F-K-09,,3 near Lift A,"Books Gifts, Hobbies",https://lippomallpuri.com/tenantDetail?tenant=f23ff526c6
SAMJIN AMOOK,LG-72,Visit Tenant Official Website,LG near LOBBY LADIES PARKING,Food & Beverages,https://lippomallpuri.com/tenantDetail?tenant=1699102019
SAMSONITE,G-30,02129111139,BASEMENT near LOBBY LIFT B,"Books Gifts, Hobbies",https://lippomallpuri.com/tenantDetail?tenant=966ef992ed
SAMSUNG,1F-65,081916161094,2 / P3 near LOBBY LIFT C,"Electronics, Gadgets, HP",https://lippomallpuri.com/tenantDetail?tenant=6006404600
SANTONG KUETIEH,1F-FOOD AV,,3 near LOBBY LIFT A,Food & Beverages,https://lippomallpuri.com/tenantDetail?tenant=5621e65e23
SATE KHAS SENAYAN,1F-96,02125691616,2 / P3 near LOBBY LIFT C,Food & Beverages,https://lippomallpuri.com/tenantDetail?tenant=56f2e66265
SATURDAYS,G-76,Visit Tenant Official Website,BASEMENT near LOBBY LIFT B,Fashion & Accesories,https://lippomallpuri.com/tenantDetail?tenant=e60000e0bb
SAY CHIIZU,1F-FOOD AV,,3 near LOBBY LIFT B,Food & Beverages,https://lippomallpuri.com/tenantDetail?tenant=8c5e16e625
SCANDIA,2F-31,Visit Tenant Official Website,3 near LOBBY LIFT B,Home Related,https://lippomallpuri.com/tenantDetail?tenant=9eaa0dde69
SCOOP,LG-58,02129111395,BASEMENT near LOBBY SAMSAT,"Books Gifts, Hobbies",https://lippomallpuri.com/tenantDetail?tenant=0a62ada2e7
SEMPOA SIP,B-15,,B near Lobby Lift A,Children Related,https://lippomallpuri.com/tenantDetail?tenant=dc263d244c
SERIBU RASA,1F-12,02122582767,2 / P3 near LOBBY LIFT C,Food & Beverages,https://lippomallpuri.com/tenantDetail?tenant=e68272c728
SEROENI,1F-97,02129111278,2 / P3 near LOBBY LIFT C,Food & Beverages,https://lippomallpuri.com/tenantDetail?tenant=21a767e16a
SEVEN DAYS KITCHEN & BAR,G-73,Visit Tenant Official Website,BASEMENT near LOBBY LIFT B,Food & Beverages,https://lippomallpuri.com/tenantDetail?tenant=1166641166
SHIHLIN,LG-73A,02129111059,LG near LOBBY LADIES PARKING,Food & Beverages,https://lippomallpuri.com/tenantDetail?tenant=261216e12f
SIMPLY,LG-K01,02129111206,LG near LOBBY LADIES PARKING,Food & Beverages,https://lippomallpuri.com/tenantDetail?tenant=ef1f6128ef
SKECHERS,UG-29,02122582794,3 near LOBBY LIFT B,Sport & Lifestyle,https://lippomallpuri.com/tenantDetail?tenant=81bbbb9ef6
Skin+| Slim+,LG-3,,B near Lobby Lift B,Health & Beauty Care,https://lippomallpuri.com/tenantDetail?tenant=695f3f9253
Skincara,1F-89,,3 near Lift B,Health & Beauty Care,https://lippomallpuri.com/tenantDetail?tenant=d0d2e662cd
Smiggle,UG-K-08A,,3 near Lobby Lift B,"Books Gifts, Hobbies",https://lippomallpuri.com/tenantDetail?tenant=64e0333003
SOCIOLLA,UG-K01,Visit Tenant Official Website,3 near LOBBY LIFT C,Health & Beauty Care,https://lippomallpuri.com/tenantDetail?tenant=d0e25ddced
SOGO,G-15,02122582800,BASEMENT near LOBBY LIFT C,Dept. Store,https://lippomallpuri.com/tenantDetail?tenant=e16a68e8a8
SOLARIA,LG-81B,02129111096,LG near LOBBY LIFT B,Food & Beverages,https://lippomallpuri.com/tenantDetail?tenant=66986191e2
SONY CENTER,1F-19,0211500323,2 / P3 near LOBBY LIFT C,"Electronics, Gadgets, HP",https://lippomallpuri.com/tenantDetail?tenant=0772d00660
SOTO KUDUS SENAYAN,LG-FOOD HA,Visit Tenant Official Website,BASEMENT near LOBBY ROCKSTAR GYM,Food & Beverages,https://lippomallpuri.com/tenantDetail?tenant=262e6fbe6e
SOUR SALLY,LG-K02T,Visit Tenant Official Website,LG near LOBBY TAKESHITA,Food & Beverages,https://lippomallpuri.com/tenantDetail?tenant=72d671db71
SPORTS STATION,1F-35,02122582719,3 near LOBBY LIFT B,Sport & Lifestyle,https://lippomallpuri.com/tenantDetail?tenant=be11bee0e4
STACCATO,UG-38,02129111220,3 near LOBBY LIFT A,Fashion & Accesories,https://lippomallpuri.com/tenantDetail?tenant=9d4d9900ee
STARBUCKS,G-26,02129111250,BASEMENT near LOBBY LIFT B,Food & Beverages,https://lippomallpuri.com/tenantDetail?tenant=f111d2a726
STARBUCKS,G-01,02129111250,BASEMENT near LOBBY LIFT B,Food & Beverages,https://lippomallpuri.com/tenantDetail?tenant=6e255e12a5
STEAK 21,1F-95,Visit Tenant Official Website,2 / P3 near LOBBY LIFT C,Food & Beverages,https://lippomallpuri.com/tenantDetail?tenant=a6f21aee2e
STEVE MADDEN,UG-91,Visit Tenant Official Website,BASEMENT near LOBBY LIFT C,Fashion & Accesories,https://lippomallpuri.com/tenantDetail?tenant=aa0e1ee9b2
STOP 'N' GO,LG-76A,02129111086,LG near LOBBY LADIES PARKING,Services,https://lippomallpuri.com/tenantDetail?tenant=f220662b00
STRADIVARIUS,UG-85,02122582864,3 near LOBBY LIFT C,Fashion & Accesories,https://lippomallpuri.com/tenantDetail?tenant=9290e28b11
STRIP & BROWHAUS,LG-22D,02122582731,LG near LOBBY PAXI / FOOD GARDEN,Health & Beauty Care,https://lippomallpuri.com/tenantDetail?tenant=7e1b200ebe
STROBERI,1F-31,02122582848,3 near LOBBY LIFT B,Fashion & Accesories,https://lippomallpuri.com/tenantDetail?tenant=002eef020b
STUDIO T - HAIR & BEAUTY,2F-12,,3 near LOBBY LIFT B,Health & Beauty Care,https://lippomallpuri.com/tenantDetail?tenant=93d4022e43
STULOKAL,2F-77,,3 near Lobby Lift C,Entertainment,https://lippomallpuri.com/tenantDetail?tenant=86272356fa
SUAN THAI,LG-16,02129111379,LG near LOBBY PAXI / FOOD GARDEN,Food & Beverages,https://lippomallpuri.com/tenantDetail?tenant=eae66ed6a2
SUBWAY,G-83,,BASEMENT near LOBBY LIFT C,Food & Beverages,https://lippomallpuri.com/tenantDetail?tenant=01b06f2130
Success Academy,B-05-06,,3 near Lift C,Children Related,https://lippomallpuri.com/tenantDetail?tenant=d64dfe800f
SUKIYA,LG-10,02122582757,LG near LOBBY PAXI / FOOD GARDEN,Food & Beverages,https://lippomallpuri.com/tenantDetail?tenant=bf3602b666
SUPER FURRY,LG-75,Visit Tenant Official Website,LG near LOBBY TAKESHITA,Food & Beverages,https://lippomallpuri.com/tenantDetail?tenant=188261126f
SURFACE SKIN HABIT,LG-25,Visit Tenant Official Website,BASEMENT near LOBBY ROCKSTAR GYM,Health & Beauty Care,https://lippomallpuri.com/tenantDetail?tenant=606e0e2d60
SUSHI GO,LG-127,,LG near LOBBY TAKESHITA,Food & Beverages,https://lippomallpuri.com/tenantDetail?tenant=11166a61e6
SUSHI HIRO,1F-9C,Visit Tenant Official Website,2 / P3 near LOBBY LIFT C,Food & Beverages,https://lippomallpuri.com/tenantDetail?tenant=e8fff4f6fd
SUSHI KAIYO,G-52,Visit Tenant Official Website,BASEMENT near LOBBY LIFT A,Food & Beverages,https://lippomallpuri.com/tenantDetail?tenant=dad20dffca
SWATCH,G-02,02122582823,BASEMENT near LOBBY LIFT C,Watches & Optics,https://lippomallpuri.com/tenantDetail?tenant=0217d7e700
TA WAN,LG-11,02129111348,LG near LOBBY PAXI / FOOD GARDEN,Food & Beverages,https://lippomallpuri.com/tenantDetail?tenant=e291d9dedd
TAKE BARLI,LG-K08,,LG near Lobby Lift B,Food & Beverages,https://lippomallpuri.com/tenantDetail?tenant=696aca996c
Tales of Clara,LG-121 & 1,,Basement near LIFT A,"Books Gifts, Hobbies",https://lippomallpuri.com/tenantDetail?tenant=e161265155
TAMMIA,1F-22,02122582895,3 near LOBBY LIFT B,Health & Beauty Care,https://lippomallpuri.com/tenantDetail?tenant=eee6d0d061
THE BODY SHOP,LG-22B,02129111072,BASEMENT near LOBBY SAMSAT,Health & Beauty Care,https://lippomallpuri.com/tenantDetail?tenant=a6526e05a0
THE DUCK KING,1F-03,02122582785,2 / P3 near LOBBY LIFT C,Food & Beverages,https://lippomallpuri.com/tenantDetail?tenant=16f6d2ffb6
THE EXECUTIVE,UG-09,Visit Tenant Official Website,3 near LOBBY LIFT C,Fashion & Accesories,https://lippomallpuri.com/tenantDetail?tenant=b213e02eb0
THE FACE SHOP,LG-65,02129111343,BASEMENT near LOBBY SAMSAT,Health & Beauty Care,https://lippomallpuri.com/tenantDetail?tenant=6dd02d00e2
THE FOOD HALL,LG-33,02130493035,BASEMENT near LOBBY ROCKSTAR GYM,Supermarket,https://lippomallpuri.com/tenantDetail?tenant=cceeccce61
THE GARDEN,G-55,Visit Tenant Official Website,BASEMENT near LOBBY LIFT B,Food & Beverages,https://lippomallpuri.com/tenantDetail?tenant=fde0b761eb
THE HANDCRAFTER,LG-22F,02129111393,LG near LOBBY PAXI / FOOD GARDEN,"Books Gifts, Hobbies",https://lippomallpuri.com/tenantDetail?tenant=2f2cca060e
THE LUVAZ,2F-06,022180679345,3 near LOBBY LIFT B,Services,https://lippomallpuri.com/tenantDetail?tenant=662e626706
THE NAIL SHOP,LG-103A,02125691166,LG near LOBBY PAXI / FOOD GARDEN,Health & Beauty Care,https://lippomallpuri.com/tenantDetail?tenant=1e56e1ee55
THE PAIN RELIEF CLINIC,2F-10C,Visit Tenant Official Website,3 near LOBBY LIFT B,Health & Beauty Care,https://lippomallpuri.com/tenantDetail?tenant=6065226e0e
THE SELF INC,LG-96,,BASEMENT near LOBBY SAMSAT,Health & Beauty Care,https://lippomallpuri.com/tenantDetail?tenant=0ec002efc5
THE SPOTLESS CLUB,LG-K01S,Visit Tenant Official Website,LG near LOBBY LADIES PARKING,Services,https://lippomallpuri.com/tenantDetail?tenant=2c2c666201
THE WATCH CO.,G-25,02129111298,BASEMENT near LOBBY LIFT C,Watches & Optics,https://lippomallpuri.com/tenantDetail?tenant=57e7d2d002
TIK TOK WATCH,UG-82,Visit Tenant Official Website,3 near LOBBY LIFT C,Watches & Optics,https://lippomallpuri.com/tenantDetail?tenant=0ae00e6da7
TIMEZONE,1F-07,08161300300,3 near LOBBY LIFT C,Entertainment,https://lippomallpuri.com/tenantDetail?tenant=6d2fb8f68f
Timezone,UG-12,,3 near Lift A,Entertainment,https://lippomallpuri.com/tenantDetail?tenant=4460222022
TINY TREATS,LG-FOOD HA,,BASEMENT near LOBBY ROCKSTAR GYM,Food & Beverages,https://lippomallpuri.com/tenantDetail?tenant=6366ffdd23
TONI & GUY,2F-01,Visit Tenant Official Website,3 near LOBBY LIFT B,Health & Beauty Care,https://lippomallpuri.com/tenantDetail?tenant=eed00ddede
TOUS LES JOURS,G-53,Visit Tenant Official Website,BASEMENT near LOBBY LIFT B,Food & Beverages,https://lippomallpuri.com/tenantDetail?tenant=e7ebd6dbef
UNIQLO,UG-36,Visit Tenant Official Website,3 near LOBBY LIFT A,Fashion & Accesories,https://lippomallpuri.com/tenantDetail?tenant=2cd91922c1
Urban & Co,1F-66,,3 near Lobby Lift A,Fashion & Accesories,https://lippomallpuri.com/tenantDetail?tenant=e7d7660dd0
URBAN REPUBLIC,UG-90,Visit Tenant Official Website,3 near LOBBY LIFT C,"Electronics, Gadgets, HP",https://lippomallpuri.com/tenantDetail?tenant=222ede0e0e
VALINO,G-70,Visit Tenant Official Website,BASEMENT near LOBBY LIFT B,Fashion & Accesories,https://lippomallpuri.com/tenantDetail?tenant=eb06d9edd3
VANDALZ,1F-K06A,Visit Tenant Official Website,3 near LOBBY LIFT B,Fashion & Accesories,https://lippomallpuri.com/tenantDetail?tenant=996292600d
Vans,G-10A,,3 near Lobby Lift C,Fashion & Accesories,https://lippomallpuri.com/tenantDetail?tenant=fc96636cfc
VICTORIA'S SECRET,UG-80,02129111369,3 near LOBBY LIFT B,Fashion & Accesories,https://lippomallpuri.com/tenantDetail?tenant=fb6af343ea
VINES,LG-107,082113897827,LG near LOBBY LADIES PARKING,Food & Beverages,https://lippomallpuri.com/tenantDetail?tenant=cec4f6e4cb
Vionic,UG-66,085210705180,3 near Lobby Lift B,Fashion & Accesories,https://lippomallpuri.com/tenantDetail?tenant=3f6060c0cc
Vyatta,UG-K-09E,,3 near Lobby Lift B,"Electronics, Gadgets, HP",https://lippomallpuri.com/tenantDetail?tenant=c3af0adcaa
WACOAL,G-78,02129111092,BASEMENT near LOBBY LIFT B,Fashion & Accesories,https://lippomallpuri.com/tenantDetail?tenant=3bb2bbbebd
WAFFELICIOUS,1F-FOOD AV,,3 near LOBBY LIFT B,Food & Beverages,https://lippomallpuri.com/tenantDetail?tenant=c7c17271ff
WARNA,1F-30,,3 near LOBBY LIFT B,Fashion & Accesories,https://lippomallpuri.com/tenantDetail?tenant=0062060006
WAROENG TEH KOTJOK,1F-FOOD AV,Visit Tenant Official Website,3 near LOBBY LIFT B,Food & Beverages,https://lippomallpuri.com/tenantDetail?tenant=bfe86e626e
WARUNG LEKO,LG-19,,LG near LOBBY PAXI / FOOD GARDEN,Food & Beverages,https://lippomallpuri.com/tenantDetail?tenant=f61f6e5e61
WATCH STUDIO,UG-28,02129111106,3 near LOBBY LIFT B,Watches & Optics,https://lippomallpuri.com/tenantDetail?tenant=d4eed66e24
WATCH ZONE,UG-10,02129111268,3 near LOBBY LIFT C,Watches & Optics,https://lippomallpuri.com/tenantDetail?tenant=1b22b2d262
WATSONS,1F-76,02129111008,3 near LOBBY LIFT B,Health & Beauty Care,https://lippomallpuri.com/tenantDetail?tenant=00aea7260e
WATSONS,G-76,02129111008,LG near LOBBY LIFT B,Health & Beauty Care,https://lippomallpuri.com/tenantDetail?tenant=81ee5d8580
Waxhaus,LG-30,,Basement near Lobby Rockstar Gym,Health & Beauty Care,https://lippomallpuri.com/tenantDetail?tenant=d4d7dd46d4
Wee Nam Kee,LG-12,,LG near LOBBY PAXI / FOOD GARDEN,Food & Beverages,https://lippomallpuri.com/tenantDetail?tenant=564f546141
WICKED PIES,2F-K-12A,,3 near Lobby Lift C,Food & Beverages,https://lippomallpuri.com/tenantDetail?tenant=932199669d
Wild Mild,UG-92,,3 near Lobby Lift B,Children Related,https://lippomallpuri.com/tenantDetail?tenant=bbedfb7eff
Wimpy Craft,2F-63A,,3 near Lift C,"Books Gifts, Hobbies",https://lippomallpuri.com/tenantDetail?tenant=4bd066a7b6
WINGSTOP,1F-09D,02130493009,2 / P3 near LOBBY LIFT C,Food & Beverages,https://lippomallpuri.com/tenantDetail?tenant=16e6e2f6e2
WOW ACC,UG-73,Visit Tenant Official Website,3 near LOBBY LIFT B,Fashion & Accesories,https://lippomallpuri.com/tenantDetail?tenant=ede40dc55d
XING FU TANG,LG-011B,Visit Tenant Official Website,BASEMENT near LOBBY ROCKSTAR GYM,Food & Beverages,https://lippomallpuri.com/tenantDetail?tenant=9ee2626224
YA KUN KAYA TOAST,LG-85,02129111005,BASEMENT near LOBBY LIFT B,Food & Beverages,https://lippomallpuri.com/tenantDetail?tenant=62527267ca
YAKINIKU LIKE,LG-111,Visit Tenant Official Website,LG near LOBBY LADIES PARKING,Food & Beverages,https://lippomallpuri.com/tenantDetail?tenant=6027702201
Yao Yao,G-111,,3 near Lift A,Food & Beverages,https://lippomallpuri.com/tenantDetail?tenant=6a676bfbb6
YOSHINOYA,1F-FOOD AV,Visit Tenant Official Website,3 near LOBBY LIFT B,Food & Beverages,https://lippomallpuri.com/tenantDetail?tenant=b21be6e210
YUAN MARKET,1F-26,,3 near Lobby Lift B,Fashion & Accesories,https://lippomallpuri.com/tenantDetail?tenant=88d2d6b731
Yuire,1F-60,085280127108,3 near LIFT A,Fashion & Accesories,https://lippomallpuri.com/tenantDetail?tenant=ec4efb86e3
YVES ROCHER,LG-63,02129111073,BASEMENT near LOBBY SAMSAT,Health & Beauty Care,https://lippomallpuri.com/tenantDetail?tenant=e6e596ee72
ZARA,G-06,02129111203,BASEMENT near LOBBY LIFT C,Fashion & Accesories,https://lippomallpuri.com/tenantDetail?tenant=2a42d5a666
ZENBU,LG-155A,02180600223,LG near LOBBY TAKESHITA,Food & Beverages,https://lippomallpuri.com/tenantDetail?tenant=22626ae61e
ZOJIRUSHI,2F-37,Visit Tenant Official Website,3 near LOBBY LIFT B,Home Related,https://lippomallpuri.com/tenantDetail?tenant=e6ed6dd2e6
Zuma,UG-K-09C,,3 near Lobby Lift B,Fashion & Accesories,https://lippomallpuri.com/tenantDetail?tenant=29e36e26b3
